username,userid,profile_location,created_at,text,retweet_count,source,coordinates
Aaron Donogh,1025666172,"Seattle, WA",2023-01-20 02:17:12,@Jordanloyalshor Oh yeah. Im not avoiding that stuff out of protest or suggesting you do the same. It‚Äôs just a thin‚Ä¶ https://t.co/WwWHCEN5ic,0,Twitter for iPhone,
Snatch the Pebble,1586760815868190720,"Seattle, WA",2023-01-20 01:37:34,"@JamesMelville Chinese people were welded into their homes, and burned alive, before they got up the nerve to protest.",0,Twitter for iPhone,
Brandon's subconsciousness,1394750070780792832,"Seattle, WA",2023-01-20 01:19:48,@offbrandzoloft @kozlovsky There never was a protest movement like that against police atrocity in Russia (similar‚Ä¶ https://t.co/zbj60TurfH,0,Twitter for Android,
Eve_Alyson,1598486351804239874,"Seattle, WA",2023-01-20 01:02:25,@ShawnMoon1989 @LinKrenicki @RedBeardPower @painkiller21 @itsJeffTiedrich He WENT to a #BLM protest with a gun to u‚Ä¶ https://t.co/XnZUhUqt7g,0,Twitter for iPhone,
Hadeel | ŸáÿØŸäŸÑ,201257029,"Seattle, WA, United States",2023-01-19 22:43:31,@LexiAlex @aaolomi I think about this *a lot* and I wonder if a lot of the docileness of it all is because America‚Ä¶ https://t.co/yTvsp0Fjvp,0,Twitter Web App,
The Woke Supremacist,1246250440804556800,"Seattle, WA",2023-01-19 22:35:13,@Slowdaddy17 @DailyWireNews Or that time she pretended to be handcuffed when she was pretending to protest while pr‚Ä¶ https://t.co/k7W6HPaR9I,0,Twitter for Android,
ñ§ê Moni ñ§ê,125461901,Beyond The Sea,2023-01-19 22:21:49,The French are on a nationwide strike right now because the government wants to raise the retirement age by 2 years‚Ä¶ https://t.co/iL6ZQj0Tv0,3,Twitter for iPhone,
Lorraine ChristiansonüáÆüá∏üá≥üá¥üá∫üá∏,1590409823564488704,Seattle,2023-01-19 22:06:38,"Like if they see something that they realize they can protest, they do it for the glamour and the social equity of‚Ä¶ https://t.co/vOgOrK2hws",0,Twitter for iPhone,
Colin O'Keefe,5678072,Seattle,2023-01-19 21:29:25,@SteveSandmeyer (Also this protest was about cops killing people so if we‚Äôre taking politicians putting people in actual danger‚Ä¶),0,Twitter for iPhone,
Cady K-F,25419915,"Seattle, WA",2023-01-19 21:02:58,Are we even going to mention that this anti abortion protest is like 100% men? https://t.co/26KhYR73hu,0,Twitter for iPhone,
Steve Sandmeyer,248789747,"Seattle, WA",2023-01-19 20:21:23,@colinokeefe Leading march to mayor's *home* &amp; opening city hall to *everyone* during volatile time/protest. Far le‚Ä¶ https://t.co/DJhSPFpBs6,0,Twitter Web App,
Musashi Miyamoto,207870153,"Seattle, WA",2023-01-19 19:04:04,@BasedPoland2 They always protest and nothing comes of it,0,Twitter for Android,
Cxnnxbis Cxrpse üè≥Ô∏è‚Äç‚ößÔ∏è‚ôøÔ∏è ‚àû (he/they),716444474746937346,"Seattle, WA",2023-01-19 17:08:16,@LuciaEverblack For real I actually had to take a break because it started getting dangerous for me as a i am now p‚Ä¶ https://t.co/1VSGxiPxin,0,Twitter for iPhone,
Tim - TTU Hoops (10-7) üá∫üá∏üá∫üá¶üè≥Ô∏è‚Äç‚ößÔ∏èüè≥Ô∏è‚Äçüåà,1404673350702551047,"Seattle, WA",2023-01-19 16:40:15,@themaryone1 @CityofSeattle @SeattlePD maybe we need to organize a protest. Crime has increased 10 fold since the pandemic.,0,Twitter for iPhone,
ArtsJournal,36346876,"Seattle, WA",2023-01-19 15:32:02,"Meta's Advisory Board Says Facebook And Instagram Should Stop Banning Breasts:

https://t.co/b4gFETP9G2 #arts‚Ä¶ https://t.co/yY3pOf44XU",0,ArtsJournal feed,
M. Joe Baker,27831502,"Seattle, Wa",2023-01-19 04:08:52,@GretaThunberg Please protest in China next!  They have hundreds of coal fired power plants to choose from!,0,Twitter for iPhone,
Trina Belz,1582118632594849798,By the sea,2023-01-19 03:05:30,"@Truthwirklich Never said men murdered anyone, just explaining the timing and reason noted for that protest.",0,Twitter Web App,
YES! Magazine,15935927,"Seattle, WA",2023-01-19 02:58:15,The gas industry envisions a network of fossil-fuel dependent plants. Local activists imagine a different path. https://t.co/AvGVzYpif7,1,Echobox,
Trina Belz,1582118632594849798,By the sea,2023-01-19 02:26:16,@NatashaFiona46 Protest from 2017 about the rise of women being murdered so more about that than feminism really.,0,Twitter Web App,
Delmis-RN. No DMs!,721267964,"Seattle, WA",2023-01-19 01:24:43,@DOJCrimDiv you have some very angry citizens ready to protest!  The time to do something is now! https://t.co/QLgpBEZnWw,0,Twitter for Android,
Delmis-RN. No DMs!,721267964,"Seattle, WA",2023-01-19 01:23:32,@wellsy57 It's time to protest,0,Twitter for Android,
Chris Brinton,43996430,"Seattle, WA",2023-01-19 00:16:15,Got damn France really knows how to hold a protest https://t.co/o8aymPN4zs,0,Twitter for Android,
Dodge Dude,1519865738424553472,Seattle,2023-01-18 23:30:48,"@GretaThunberg While you protest that people *might* die a century in the future, people alive today probably will‚Ä¶ https://t.co/oGKTQEA2xr",0,Twitter Web App,
Nightingale 2.0,2623062862,"Seattle, WA",2023-01-18 23:19:25,"@libsoftiktok @UCSanDiego If this is true, she needs to return her degrees and diplomas as a form of protest. Otherwise she‚Äôs FOS",0,Twitter for iPhone,
Nightingale 2.0,2623062862,"Seattle, WA",2023-01-18 23:18:19,"@Josie_26521 If grading is a form of colonization, then why doesn‚Äôt she return her past diplomas and degrees in protest?",0,Twitter for iPhone,
Erik Scott de Bie,29162019,Seattle,2023-01-18 22:57:17,"@Lrbearclaw @DnD_Shorts @Wizards I agree, but there are degrees. Some people have taken all of this a bit far.

We‚Ä¶ https://t.co/5y2pqbCX5j",0,Twitter for iPhone,
Monica Chilton,75987920,"Seattle, WA",2023-01-18 21:29:23,"@msacadien I doubt they protest to the Republicans. Maybe to Democrats, though, demanding that they dO sOMeTHinG.",0,Twitter for iPhone,
–º–∞–∫—Å–∏–º –ê–ª–µ–∫—Å–∞–Ω–¥—Ä–æ–≤–∏—á,3407376472,"Seattle, WA",2023-01-18 20:46:58,"@RowanPitkar @GersagerH @MillersonSerge @Quinn366 Tiny protest, few hundred people, which is why cameraman is filmi‚Ä¶ https://t.co/JqtrDD5lsb",0,Twitter for iPhone,
–º–∞–∫—Å–∏–º –ê–ª–µ–∫—Å–∞–Ω–¥—Ä–æ–≤–∏—á,3407376472,"Seattle, WA",2023-01-18 20:46:49,"@RowanPitkar @TopTSlo @MissUniverse Tiny protest, few hundred people, which is why cameraman is filming only the fr‚Ä¶ https://t.co/yvn4XiuhDv",0,Twitter for iPhone,
–º–∞–∫—Å–∏–º –ê–ª–µ–∫—Å–∞–Ω–¥—Ä–æ–≤–∏—á,3407376472,"Seattle, WA",2023-01-18 20:46:37,"@RowanPitkar @allrighten @QwertyDude14 @MissUniverse Tiny protest, few hundred people, which is why cameraman is fi‚Ä¶ https://t.co/LrJp63k2nf",0,Twitter for iPhone,
David S,967861188,"Seattle, WA",2023-01-18 20:28:35,"@bekindhavehope @LePapillonBlu2 @TammyRWright2 Time for a ""Lock Him Up"" nationwide protest",0,Twitter for Android,
William Nelson,598561912,"Seattle, WA",2023-01-18 20:20:38,Bajrang Punia and top wrestlers of India decide to protest against Wrestling Federation‚Äôs f  ü§º‚Äç‚ôÇÔ∏è üáÆüá≥ üî∫‚Ä¶ https://t.co/dFBQqgERca,0,RSS Masher - Dev,
Kiba Ru,1232354942817464320,"Seattle, WA",2023-01-18 20:06:08,Amazing use of protest. https://t.co/CTLUW0KEVC,0,Twitter for Android,
Lorraine ChristiansonüáÆüá∏üá≥üá¥üá∫üá∏,1590409823564488704,Seattle,2023-01-18 19:12:05,@fox13seattle Every shop in downtown should just shut down as an open protest against the city and county policy th‚Ä¶ https://t.co/hMqj8SiFLM,0,Twitter for iPhone,
Shelliebean,1184910356096811008,"Seattle, WA",2023-01-18 18:56:56,"@DanielTurnerPTF @MeghanMcCain I think you know why, given the fact that China doesn't tolerate any kind of protest‚Ä¶ https://t.co/hTeYjAl2T7",0,Twitter Web App,
Protest Tunes,1470598421291487234,"Seattle, WA",2023-01-18 18:45:38,"Protest Tunes airs tonight at 9 on 
@KBCS 91.3 FM/ https://t.co/ZaJde5lClQ. Tonight we're honoring the 50th anniver‚Ä¶ https://t.co/hD7vu5tplz",1,Twitter for Android,
Andrew Wilmington ‚òîÔ∏è,60762017,"Seattle, WA",2023-01-18 18:26:34,@ZaidJilani @MissWrite @DashDobrofsky Are you that dense? A 17 year old traveled across state lines with a firearm‚Ä¶ https://t.co/aGFYdmG1FU,0,Twitter for iPhone,
joesox,20291400,"Seattle,WA",2023-01-18 17:37:13,@cellarfeller @barryschaffer13 @Kevin_Kinkead I expect people to always be the best they can be. Hating via protest‚Ä¶ https://t.co/yk4elfvuYY,0,Twitter Web App,
Trey Bryant,177865660,"Seattle, WA",2023-01-18 17:15:35,@GretaThunberg How does it feel to be the biggest chump alive?  Must be nice being from such a wealthy and affluent‚Ä¶ https://t.co/cRTcE2DfmH,0,Twitter for Android,
Carol J Williams,253813562,"Seattle, WA",2023-01-18 17:14:53,"Climate protest not a crime, Greta Thunberg says after detention for protesting German coal mine expansion https://t.co/BbsySqIBsa",0,Twitter for iPhone,
Shelliebean,1184910356096811008,"Seattle, WA",2023-01-18 16:52:35,@kaibot2000 @realTuckFrumper Because he IS a murderer. Crossed state lines with a gun he illegally had and at a pro‚Ä¶ https://t.co/VGXAtKJTJt,0,Twitter Web App,
bummer,2763995042,"Seattle, WA",2023-01-18 04:45:48,@pcgamer no way ubisoft is going to win this. the french are protest champs,1,Twitter for Android,
poolD321,1348814798973136897,"Seattle, WA",2023-01-18 03:23:14,@JOMusic2k @DashDobrofsky Thugs that went to Kenosha to destroy the city. Cowards and criminals and many with weapo‚Ä¶ https://t.co/H4AGDSVqdT,0,Twitter for iPhone,
Axel Gear // Mr. Jack,712598735176335360,"Seattle, WA",2023-01-18 03:06:57,@greg_price11 I think a lot of Americans are just confused because the cops aren't pushing her to the ground. They‚Ä¶ https://t.co/c7XyZMF3b3,0,Twitter Web App,
Trina Belz,1582118632594849798,By the sea,2023-01-18 02:48:00,@aprilthedreamer This may round out the story more than the snippet to evoke a crafted emotion from that site.  See‚Ä¶ https://t.co/dkCql2TGrE,0,Twitter Web App,
The Stranger üóû,18691048,"Seattle, WA",2023-01-18 02:17:49,"‚Ä¢ The mud on the moon does not think

‚Ä¢ A toddler was walking around an apartment complex in Indiana with a gun

‚Ä¢‚Ä¶ https://t.co/XpVaB2SOMm",0,TweetDeck,
Kareem,1588953591783587841,Sea to Shining Sea,2023-01-18 01:09:19,@IssueInternet @witchural @WimDerBlutige The cope is crazy. So this is BLM protest in poland where they hate blacks‚Ä¶ https://t.co/G5CVT0AwD5,0,Twitter for Android,
Chelsea Carter,1524540418167238657,"Seattle, WA",2023-01-17 23:24:25,@katurahlee @Suzyqtou101 @MartyTa94849826 Good. Let's let counter protesters counter protest. Glad to agree.,0,Twitter for Android,
üá™üáπ üáÆüá± üá©üá¥ üá∞üá∑ Adisu Leonardo kim,1273684605241966592,"Seattle, WA",2023-01-17 23:22:09,"@Runnin_Great @MikeIce1 @ClownWorld_ Have u ever heard of unions a day in your life? 

It‚Äôs a negotiation tactic to‚Ä¶ https://t.co/wtVmFQetkN",0,Twitter for iPhone,
Kareem,1588953591783587841,Sea to Shining Sea,2023-01-17 23:12:30,Plz be objective this is literally a protest for some union you can clearly see the other signsüò≠üò≠ they even looked‚Ä¶ https://t.co/HqRZJNwMlC,0,Twitter for Android,
Frank Coluccio,2784576438,"Burien, WA",2023-01-17 22:56:03,@italianmaster @DineshDSouza Actually the Speaker of the House IS responsible for the security of the Capitol Build‚Ä¶ https://t.co/6myp6GHgJ8,0,Twitter for iPhone,
Richard Lee,397450344,"Bellevue, WA",2023-01-17 22:50:54,#ClimateLeader Greta continues to distinguish herself in battle. @GretaThunberg detained at coal protest in Germany https://t.co/HMOHFblddU,0,Twitter Web App,
jennifer s.üè≥Ô∏è‚Äçüåàüêïü§ìüåéüé≠,954164450679865344,"Seattle, WA",2023-01-17 22:25:39,Greta Thunberg Released After Being Detained by Police at Coal Protest - Gizmodo https://t.co/53BMBzOrTa,0,Twitter for iPhone,
FOX 13 Seattle,17070252,Seattle,2023-01-17 21:45:11,Swedish climate activist Great Thunberg was among hundreds of people on Tuesday who resumed anti-mining protests in‚Ä¶ https://t.co/GhnOVwKiLn,0,True Anthem,
ShowMe_YourMasküêâ,1342611226719731712,"Seattle, WA",2023-01-17 21:26:18,VIDEO: 'Mud Wizard' Taunts Riot Police at Climate Protest in Germany https://t.co/ZGRxUj98nX,0,Twitter Web App,
üáµüá∑üè¥‚Äç‚ò†Ô∏è charlat√°n bohemio,15020183,"Seattle, WA",2023-01-17 21:25:18,"If Monty Python were staging a protest. #MudWizard
https://t.co/XtcakUh2gE",0,Twitter for Android,
KEXP Playlist,826913607921176576,"Seattle, WA",2023-01-17 20:40:33,Grace Love - Higher - Work In Protest (2023),0,KEXP Now Playing V2,
David Roberts,22737278,"Seattle, WA",2023-01-17 20:39:16,"@StickToPizza @AmericanNumbers @Patrick_Fenelon Maybe you could write a guide, so oppressed people can know how to‚Ä¶ https://t.co/Cgz92DOq7W",0,Twitter Web App,
Andrew Buncombe,105998402,"Seattle, WA",2023-01-17 20:24:46,Greta Thunberg detained by police during eco protest in German village @SkyNews https://t.co/CmImjVtFPJ,0,TweetDeck,
James Pro-Choice Bonz,22228174,Bellevue Washington,2023-01-17 19:32:13,(84) Riot police carry Greta Thunberg away from German coalmine protest - YouTube https://t.co/DuhdaYIZox,0,Twitter Web App,
Leftist Cassandra,17195301,"Seattle, WA",2023-01-17 19:21:35,"@ThornsFC MLK: ""The nonviolent resister must often express his protest through noncooperation or boycotts, but (tho‚Ä¶ https://t.co/7WgMvRgLUh",0,Twitter Web App,
KOMO News,16086928,"Seattle, WA",2023-01-17 19:14:42,Police in western Germany carried Swedish climate activist Greta Thunberg and other protesters away Tuesday from th‚Ä¶ https://t.co/G9d4O82jO9,1,TweetDeck,
eric,3562941,west seattle,2023-01-17 17:29:07,"Climate activist Greta Thunberg was detained during protests at a coal mine in Germany, police have said. She was d‚Ä¶ https://t.co/u4rAK7gDHj",0,Twitter for iPhone,
Richard Lee,397450344,"Bellevue, WA",2023-01-17 17:15:30,No prison can hold #ClimateLeader Greta! ‚Å¶@GretaThunberg‚Å© detained by police during eco protest in German village -‚Ä¶ https://t.co/f7u5ww8DZG,0,Twitter for iPhone,
valerie ‚ùÑÔ∏è totorobabe (she/her),1379294012331368451,"Seattle, WA",2023-01-17 17:02:17,@Kartoffeloof jk rowling has made it very clear that she uses her royalty checks to help fund ways to harm the tran‚Ä¶ https://t.co/8ltaFDgjc7,1,Twitter for iPhone,
Converge Media,820079765897900032,"Seattle, WA",2023-01-17 16:41:58,#MLKDay - ‚ÄúSomewhere I read of the freedom of assembly. Somewhere I read of the freedom of speech. Somewhere I read‚Ä¶ https://t.co/asCfSoQeu8,4,Hootsuite Inc.,
@_katiesaurus_@mas.to,14940723,Seattle,2023-01-17 16:40:46,"""In fact, it‚Äôs vital to insist, over the drone of an amnesiac discourse, that last year‚Äôs spate of protest was prop‚Ä¶ https://t.co/gTpEVUHszl",1,Twitter for Android,
A Black Man In Seattle,1399915584029040640,"Seattle, WA",2023-01-17 15:44:00,@rederz13 @ClownWorld_ I see now. He has the right to protest a protest and they have a right to counter his counte‚Ä¶ https://t.co/wmkdDoVbgC,0,Twitter for Android,
6thsensesolutions üåäüá∫üá∏üé®üì¢üá∫üá¶üïØüíô,1432027780254863361,Seattle,2023-01-17 15:37:08,@kangaroos991 I wish he felt that way about bringing a weapon of mass destruction to a protest. He should be in jail.,0,Twitter for Android,
BakarKhod,1226035629529526274,"Seattle, WA",2023-01-17 13:28:52,@SmSr_Nr @vkjha62 ‚ÄúIf and what about commentary ‚Ä¶‚Äù is a tool you deploy to hide and not protest. Pls take up the ca‚Ä¶ https://t.co/ZpC9hxGQXf,0,Twitter for iPhone,
MJ,1586465843109847040,"Seattle, WA",2023-01-17 10:42:56,N iim pissed asl w every bxtch who wunna jump on mi bandwagon but won‚Äôt fkn start da fkn protest dem self . Cuz uu‚Ä¶ https://t.co/gfy6CCYTvT,0,Twitter for iPhone,
madeleine masterson,352565819,By the Sea,2023-01-17 10:23:01,@Left_Of_London Agreed - Webb did the same thing yesterday at the end of his interview with Shami Chakrabarti about‚Ä¶ https://t.co/swePFw3XBK,0,Twitter for iPhone,
madeleine masterson,352565819,By the Sea,2023-01-17 08:38:14,@JohnnyForeign12 Yes he‚Äôs really enjoyed that! I think it was simply he put Chakrabarti on the spot at the end of a‚Ä¶ https://t.co/dX5W38eFla,0,Twitter for iPhone,
Jules üáÆüá™üíöü§çüß°üáµüá∏üïäüá¨üá∑üíôü§çüêêüè≥Ô∏è‚Äçüåà#BLM,924281715933229056,By the sea,2023-01-17 06:00:49,"@AkanKwaku The UK govt introduced laws to strip rights of asylum seekers &amp; other vulnerable people, encourage voter‚Ä¶ https://t.co/mQQRsnZWYj",11,Twitter Web App,
"Olivia Rosane, PhD",496049389,"Seattle, WA",2023-01-17 05:51:46,"@thesoviette My favorite/ least favorite story about this movie is that they filmed it in Franco's Spain, and ppl l‚Ä¶ https://t.co/jx9UarTMGD",0,Twitter for Android,
Leeze Gudymenko,1461872507108020226,Seattle,2023-01-17 05:28:19,Video from a young girl: She joined anti-Covid protest in Beijing in Nov 2022. Her 4 close friends was just detaine‚Ä¶ https://t.co/XGTbWV7hgA,0,Twitter for iPhone,
SAM MADDOX,117883166,"Washington, USA",2023-01-17 05:01:58,@ClownWorld_ You are covering ur face from being recognized because U know thats rubbish. In what way did Floyd dea‚Ä¶ https://t.co/siGVPGtV0I,0,Twitter for iPhone,
BillingsMiddleSchool,221139954,"Seattle, WA",2023-01-17 03:12:10,"#BillingsMiddleSchool is closed in observation of MLK Jr Day.  In preparation, the Protest Art class made a banner‚Ä¶ https://t.co/PtW10WRjTt",0,Sendible,
Loyd Hogan,1508540417821720581,the Disneyland on the Duwamish,2023-01-17 01:09:01,@bluejay_m8 There was no protest downtown today so I don't know exactly what was going on it wasn't normal and certainly wasn't a tour group,0,Twitter for Android,
Tyler S.,295434734,"Seattle, WA",2023-01-17 00:52:54,"@CallForCongress Also anyone that thought biomedical lockdowns were ""just going to be for that one time for health‚Ä¶ https://t.co/YZit7BjxFk",0,Twitter for Android,
man with giant cock,3192673533,"Seattle, WA, ",2023-01-17 00:08:05,"Tyre Nichols case: Memphis man's death after traffic stop sparks protest, investigations of police https://t.co/RcblYzZXey",0,Twitter for iPad,
Barry Hurd,19379047,"Seattle, WA",2023-01-16 23:24:42,Corporate PR has challenges when the townsfolk protest and rally to burn down the castle on the weekend. The number‚Ä¶ https://t.co/mHzvTa00YD,9,Twitter Web App,
John Nedüíôüåäüá∫üá¶üëç,58337417,"Seattle, WA",2023-01-16 22:17:48,"The fear of execution or imprisonment in the Rejaei Shahr Prison seems to have served its purpose, and the dimensio‚Ä¶ https://t.co/YMZfk3B89s",0,Twitter for Android,
EzTH Rider,1443563261853683715,Lost at Sea,2023-01-16 21:56:36,Raise a glass today to MLK jr. Peaceful displays of protest have and always will be the way forward. ‚ù§Ô∏è,0,Twitter for iPhone,
K,2344698259,Seattle,2023-01-16 21:35:00,MLK birth chart has me theorizing the action behind peaceful protest and chaotic rioting.,0,Twitter for iPhone,
joel r. connelly,49773837,"Seattle, WA",2023-01-16 21:22:18,"@Bishopoftyler We must maintain the separation of church from state, which has been of benefit to both. Dr. King, a‚Ä¶ https://t.co/b7rkSrYEb4",0,Twitter for iPhone,
Lisa Rogers Lowrance (She/her),115569182,"Seattle, WA",2023-01-16 20:46:27,Students protest Pride flag ban at Massachusetts high school - LGBTQ Nation https://t.co/eB0kEl60jb,0,Twitter for iPad,
Carol J Williams,253813562,"Seattle, WA",2023-01-16 20:36:25,Davos 2023: Big Oil in sights of climate activist protests https://t.co/7hbqa7sfBi,0,Twitter Web App,
valerie ‚ùÑÔ∏è totorobabe (she/her),1379294012331368451,"Seattle, WA",2023-01-16 20:23:55,"im hosting a multi-streamer charity event on feb 10th for trans rights, this is in protest of the wizard game.
hit‚Ä¶ https://t.co/SOEnrQqK0m",42,Twitter Web App,
Hyster Prynneüá∫üá∏,1580292120426188800,Seattle ,2023-01-16 20:07:21,@JamesBradleyCA I'm wondering if Switzerland is making some noise here. Form what my family there tell me they have‚Ä¶ https://t.co/bOnZcIcTeG,1,Twitter Web App,
The Museum of Flight,48150931,"Seattle, Washington",2023-01-16 19:55:34,"On this holiday commemorating #MLKJr, we recall the struggle of those who laid the foundation for the Civil Rights‚Ä¶ https://t.co/F61zWLU0TK",1,Twitter Web App,
Sean Reynolds,623233155,"Bellevue, WA",2023-01-16 19:07:14,"Parents protest planned opioid treatment center near Seattle suburban Boys and Girls Club
https://t.co/Tf7rbeckhU
https://t.co/Tf7rbeckhU",0,Zapier.com,
Summit Properties NW,3010457868,"Bellevue, Wa",2023-01-16 19:07:13,"Parents protest planned opioid treatment center near Seattle suburban Boys and Girls Club
https://t.co/h8fWHEmQ53",0,Zapier.com,
Seattle Public Library,161383633,"Seattle, WA",2023-01-16 18:45:21,"Freedom now!

As you honor the life &amp; legacy of  Dr. Martin Luther King Jr., we invite you to explore the local his‚Ä¶ https://t.co/Z04t1eQU64",2,Sprout Social,
David Roberts,22737278,"Seattle, WA",2023-01-16 18:12:30,Also Germany: physically removing Greta Thunberg &amp; other protestors so they can raze a small village to expand a co‚Ä¶ https://t.co/xlpF71zP63,13,Twitter Web App,
SeattleAggie,220262586,"Seattle, WA",2023-01-16 18:06:27,@Anderso98756923 @Maria1120 @retiredtrnman It was a ‚Äúmostly peaceful protest‚Äù. You guys switch gears really fast on‚Ä¶ https://t.co/h6f9YecUOk,0,Twitter for iPhone,
madeleine masterson,352565819,By the Sea,2023-01-16 17:41:09,The police already had significant powers where is this all heading but to a police state like the ones the foreign‚Ä¶ https://t.co/fFdlqsrngn,0,Twitter for iPhone,
madeleine masterson,352565819,By the Sea,2023-01-16 17:38:22,"Has #jeremyclarkson email apology to #HarryandMeghan 
taken our eye off all the 
other balls ? 
There‚Äôs the‚Ä¶ https://t.co/WzgvC9l52M",0,Twitter for iPhone,
KNKX Public Radio,19421806,"Seattle, WA",2023-01-16 17:13:00,Tune in today as KNKX's Midday Jazz and Evening Jazz shows pay tribute to Dr. Martin Luther King Jr. with songs rel‚Ä¶ https://t.co/X208P9OUI7,0,TweetDeck,
Lisa Rogers Lowrance (She/her),115569182,"Seattle, WA",2023-01-16 16:09:36,"Students across Israel protest against judicial reform, 4 arrested - The Jerusalem Post https://t.co/gj3q1utgjJ",0,Twitter for iPad,
Ash,25153209,Sussex by the Sea,2023-01-16 14:51:05,"He‚Äôs right. It won‚Äôt. Curbing the right to strike and protest won‚Äôt help people pay the bills, find a home they can‚Ä¶ https://t.co/AeOoSJ62C1",0,Twitter for iPhone,
Woke Wokerton,21186697,Seattle,2023-01-16 13:30:18,"@AntiWhiteWatch1 Yup, they shouldn't be in the road. You have the right to protest but not the right to block traffic and to bother people.",0,Twitter for Android,
Skarrlett Krow,1189800242851409923,"Seattle, WA",2023-01-16 11:33:44,"@AmericanMusical They Don't Care About Us- Michael Jackson
Refuse/Resist- Sepultura
Fuck Tha Police- NWA
Protest an‚Ä¶ https://t.co/mf9Yfv74Dp",0,Twitter for Android,
"Morgan ""The Weapon"" Contrails",1194723133518798848,"Seattle, WA",2023-01-16 09:06:34,"@AestheticLeo3 @KFDDBOCXD @TheCartoonBase There was some FIERCE controversy and protest at the time, particularly i‚Ä¶ https://t.co/2utEUHa8iq",0,Twitter for iPhone,
Josh Arsenic,815456306957991936,"Seattle, WA ",2023-01-16 06:38:59,"@PhilPhi06885124 @SteveGregorio75 @AdamKinzinger ""Was"" is the appropriate term. Once a protest starts turning into‚Ä¶ https://t.co/yt8THZyO0O",0,Twitter for Android,
HaiKarumba üá¨üáßüá®üá¶üá∫üá≤üáÆüá±,1312542879655456768,"Seattle, WA",2023-01-16 04:36:47,@YishaiFleisher It wouldn't surprise me at all to find out that there was some foreign interference and agitation b‚Ä¶ https://t.co/pN7mR8eHV9,0,Twitter for Android,
FOX 13 Seattle,17070252,Seattle,2023-01-16 02:45:08,Families and city council members held a protest near the proposed site of an opioid treatment center in Lynnwood.‚Ä¶ https://t.co/61YSGTefyM,3,True Anthem,
ShowMe_YourMasküêâ,1342611226719731712,"Seattle, WA",2023-01-16 01:46:56,German police begin clearing coal mine protest camp in Luetzerath | Climate Crisis News | Al Jazeera https://t.co/JLyXiTVa1m,3,Twitter for iPhone,
Steven Chappell,67146174,"Seattle, WA",2023-01-16 01:40:39,@AppleStateWa @LVillaume @Sarcastic_Wolfe @tlow 400+ criminal charges and counting for a peaceful tour of the capit‚Ä¶ https://t.co/6ipY73hszU,0,Twitter for Android,
SANTA ANNA üéÖüèª,1862951544,"Seattle, WA",2023-01-16 01:39:39,I dont understand why ppl are on this huge anti-health care protest thing. Please please please know these are abso‚Ä¶ https://t.co/d4iRPcysSQ,0,Twitter for iPhone,
Sriram Subramanian,96483337,"Seattle, WA, USA",2023-01-16 00:17:22,For those chest-thumping about Jallikattu as part of Tamil identity and pride - Don‚Äôt miss the casteist &amp; patriarch‚Ä¶ https://t.co/tn8iCx2se7,1,Twitter for iPhone,
seattle newswire,1517978818132135936,"Seattle, Washington",2023-01-15 23:40:01,Families protest proposed opioid treatment center location in Lynnwood  #citycouncil - FOX13 Seattle https://t.co/cq3P2ls1w7,0,seattlebrief,
Lilith,9063952,Seattle,2023-01-15 23:12:23,Over a Hundred Thousand Israelis Protest Netanyahu Government https://t.co/G0ALDbeeBE,0,Twitter Web App,
King County GOP,17090912,"Bellevue, WA",2023-01-15 20:41:18,"Chairman Thomas and the KCGOP were proud to stand with @safeLynnwood, members of the Lynnwood City Council, and com‚Ä¶ https://t.co/1vmbKY6S8f",2,Twitter for iPhone,
Tikun Olam,51685865,Seattle,2023-01-15 20:36:46,"At Tel Aviv protest, a minority makes its mark with Palestinian black, red and green https://t.co/qgrGVsMalq",0,Twitter Web App,
TimotheosOK,16407024,"Washington, USA",2023-01-15 20:36:02,@thatbloodyMikey If you can‚Äôt protest‚Ä¶ riot,0,Twitter for iPhone,
Hyster Prynneüá∫üá∏,1580292120426188800,Seattle ,2023-01-15 20:04:11,@DougieBrah @JoeZeigel @LrRaditz @RudyGiuliani ü§£ü§£ü§£ Jan 2020 and with all the recent twitter file releases you're st‚Ä¶ https://t.co/KUEItMi7mU,0,Twitter Web App,
Son Of Maitho,799856862812196864,"Seattle, WA",2023-01-15 19:54:00,@solomonkimani_ What will he do even if he opens his mouth wide?. Wish he could bring solutions to kenyans not thro‚Ä¶ https://t.co/l5OxQGrsWh,0,Twitter for Android,
FOX 13 Seattle,17070252,Seattle,2023-01-15 18:30:12,Families and city council members held a protest near the proposed site of an opioid treatment center in Lynnwood.‚Ä¶ https://t.co/ZOJiUtwwpB,1,True Anthem,
Bebe,1605284692160180224,"Seattle, WA",2023-01-15 18:17:28,@gambler1647 @TheRichFromCali She had a right to peacefully protest. She did not have a right to destroy property (‚Ä¶ https://t.co/aMf0mKODtq,0,Twitter for Android,
Pickle Bread üêÄüêÅ üêÅ üêÄ,347292933,"Seattle, WA",2023-01-15 17:55:33,"@MickLoze I protest! I AM NOT a Merry man""",0,Twitter for Android,
Carol J Williams,253813562,"Seattle, WA",2023-01-15 17:23:52,"World Briefing by CJ Williams: Putin claims war on Ukraine going well as civilian toll mounts in Dnipro bombings, 1‚Ä¶ https://t.co/Mu9zdo5HTL",0,Twitter for iPhone,
Carol J Williams,253813562,"Seattle, WA",2023-01-15 17:04:22,Tens of thousands of Israelis protest Netanyahu government‚Äôs planned assault on democratic institutions https://t.co/4KMwkFq3wF,0,Twitter for iPhone,
Woke Wokerton,21186697,Seattle,2023-01-15 15:29:04,@JustinTrudeau Your protest should be censored cause it's racist towards people that live in sand... how dare a ice‚Ä¶ https://t.co/froyCRsau1,0,Twitter for Android,
Nightingale 2.0,2623062862,"Seattle, WA",2023-01-15 15:16:19,@crazytown2023 I stopped going when they made it a ‚Äòfor straight people‚Äô circus act that included kids amongst esca‚Ä¶ https://t.co/6ANIGXtCKL,0,Twitter for iPhone,
Hadjar Homaei,185869091,"Seattle, WA",2023-01-15 14:51:26,When the environment shows up at a pro-environment protest: https://t.co/ca12MulmLH,1,Twitter for iPad,
S.P.A.,1076892343918198790,"Seattle, WA",2023-01-15 14:38:39,"In his first speech as the group's president, King declared, ""We have no alternative but to protest. For many years‚Ä¶ https://t.co/5sTt7akf5e",0,Jetpack.com,
Hannah Zamora üè≥Ô∏è‚Äç‚ößÔ∏è,69832533,Seattle,2023-01-15 14:04:47,"@NonyMouse66 @MyVoice20321627 @PaulRiveraNews @komonews That is just NIMBYism, a disgraceful indulgence. The painti‚Ä¶ https://t.co/1r0qR1qTie",0,Twitter for Android,
pollythepatriot,1363000647302279174,"Seattle, WA",2023-01-15 13:13:12,@merissahansen17 The very beginning. Spring 2020. I went to a protest at the Capitol of WA right when our Governor shut down our state.,0,Twitter for iPhone,
Richard Lee,397450344,"Bellevue, WA",2023-01-15 13:04:11,#ClimateLeader Greta leads #MordorLand campaign. Greta Thunberg calls for protest against expansion of German coalm‚Ä¶ https://t.co/NEYXdoylWu,0,Twitter Web App,
jamesrussbell,28583025,"seattle,washington",2023-01-15 11:36:35,@KariLake What republicans want is turn America into an illiberal democracy like their hero Viktor Orban did to Hun‚Ä¶ https://t.co/jidd9f023j,0,Twitter for iPhone,
Tikun Olam,51685865,Seattle,2023-01-15 11:05:55,New post: Anti-Palestinian thugs at protest rallies behave as badly as the government against whom they're protesti‚Ä¶ https://t.co/GmiTs3LIjD,0,Twitter Web App,
Tikun Olam,51685865,Seattle,2023-01-15 11:01:37,Israel's Anti-Government Protest Quashes Display of Palestinian Flags https://t.co/7Dy6DLS7Tp,0,Twitter Web App,
Tikun Olam,51685865,Seattle,2023-01-15 10:49:45,Thugs at protest rallies behave as badly as the government against whom they're protesting https://t.co/D73unZPFLR https://t.co/BQ7xZ4aiVR,3,Buffer,
Beth Martin,6499252,"Seattle, WA",2023-01-15 10:17:24,This is horrifying. Denver Police saw a black man going about his own business blocks away from any protest &amp; just‚Ä¶ https://t.co/cmKWI9fVZ4,0,Twitter Web App,
James Johnson,1128332041949286400,Seattle,2023-01-15 06:41:57,"80,000 gather to protest Netanyahu government in Israel https://t.co/7evlkRaABh",0,Twitter Web App,
Katrina Lehto,117000693,Seattle,2023-01-15 06:05:19,"Let's give them money!

Always an excellent protest tactic. https://t.co/1lWxCyQWpm",0,Twitter Web App,
Paul Rivera,3236435570,"Seattle, WA",2023-01-15 03:48:06,"‚ÄúWe have to protect children, right? Because there‚Äôs a reason you don‚Äôt put a strip club, next to a school.‚Äù Today‚Ä¶ https://t.co/YIXq3GdaLS",3,Twitter for iPhone,
Everett Keithcart,10329522,Seattle,2023-01-15 03:15:19,@ChaoticTabris The fact that CR mods let us stage a massive protest in the chat on live Twitch broadcast last Thurs‚Ä¶ https://t.co/Hrdn1mYI4t,0,Twitter Web App,
Everett Keithcart,10329522,Seattle,2023-01-15 03:14:56,@Rimmy_Downunder The fact that CR mods let us stage a massive protest in the chat on live Twitch broadcast last Thu‚Ä¶ https://t.co/e9uBKs4yl5,0,Twitter Web App,
Everett Keithcart,10329522,Seattle,2023-01-15 03:14:24,@kayleyjothomas The fact that CR mods let us stage a massive protest in the chat on live Twitch broadcast last Thur‚Ä¶ https://t.co/r3N0XtSgQJ,0,Twitter Web App,
Everett Keithcart,10329522,Seattle,2023-01-15 03:13:29,@turntreynoldz @MickSanchezAU @CriticalRole The fact that CR mods let us stage a massive protest in the chat on liv‚Ä¶ https://t.co/uG145gLtY6,0,Twitter Web App,
Everett Keithcart,10329522,Seattle,2023-01-15 03:13:16,@ShelfMadeMan The fact that CR mods let us stage a massive protest in the chat on live Twitch broadcast last Thursd‚Ä¶ https://t.co/IIffIpewdG,0,Twitter Web App,
Everett Keithcart,10329522,Seattle,2023-01-15 03:12:45,@think_clint The fact that CR mods let us stage a massive protest in the chat on live Twitch broadcast last Thursda‚Ä¶ https://t.co/Y32HpohUnf,0,Twitter Web App,
Everett Keithcart,10329522,Seattle,2023-01-15 03:12:16,@Anaerin @pvponline The fact that CR mods let us stage a massive protest in the chat on live Twitch broadcast last‚Ä¶ https://t.co/yAr60sY6A2,0,Twitter Web App,
Everett Keithcart,10329522,Seattle,2023-01-15 03:11:24,@TheRulesLawyer1 The fact that CR mods let us stage a massive protest in the chat on live Twitch broadcast last Thu‚Ä¶ https://t.co/8iksOOuH58,0,Twitter Web App,
Everett Keithcart,10329522,Seattle,2023-01-15 03:10:47,@Snelldor The fact that CR mods let us stage a massive protest in the chat on live Twitch broadcast last Thursday n‚Ä¶ https://t.co/UUN7uunkb7,0,Twitter Web App,
Everett Keithcart,10329522,Seattle,2023-01-15 03:09:48,@veenusau The fact that CR mods let us stage a massive protest in the chat on live Twitch broadcast last Thursday n‚Ä¶ https://t.co/XJ9UaoWBFp,1,Twitter Web App,
Everett Keithcart,10329522,Seattle,2023-01-15 03:09:32,@zigmenthotep The fact that CR mods let us stage a massive protest in the chat on live Twitch broadcast last Thursd‚Ä¶ https://t.co/hsYm0m4uus,0,Twitter Web App,
Everett Keithcart,10329522,Seattle,2023-01-15 03:09:13,@RicMTheGM @CriticalRole The fact that CR mods let us stage a massive protest in the chat on live Twitch broadcast‚Ä¶ https://t.co/dRE0k5BkBT,0,Twitter Web App,
Everett Keithcart,10329522,Seattle,2023-01-15 03:09:03,@hayleysayshay The fact that CR mods let us stage a massive protest in the chat on live Twitch broadcast last Thurs‚Ä¶ https://t.co/80bjZVbmog,0,Twitter Web App,
Everett Keithcart,10329522,Seattle,2023-01-15 03:08:42,@jacksduncan The fact that CR mods let us stage a massive protest in the chat on live Twitch broadcast last Thursda‚Ä¶ https://t.co/cFMGFcKvUD,0,Twitter Web App,
Everett Keithcart,10329522,Seattle,2023-01-15 03:05:18,@AGramuglia The fact that CR mods let us stage a massive protest in the chat on live Twitch broadcast last Thursday‚Ä¶ https://t.co/RyJBRHzExs,1,Twitter Web App,
Hello From This Vale of Sorrows!,13293762,"Seattle, WA",2023-01-15 02:31:49,"sad white gamer man going ""i'm going to protest in front of wotc on monday because i don't like what they're doing‚Ä¶ https://t.co/7FiqRmZoZv",2,Twitter Web App,
From Where I Sit,2335665432,Seattle Washington,2023-01-15 01:57:07,"Over 80,000 Israelis protest against Supreme Court reform - BBC News https://t.co/aZaNcaDory",0,Twitter for iPhone,
Beth the Bard üéâ TTRPG University is now LIVE,389300250,Seattle,2023-01-15 01:34:06,"@SpellhawksPress I'm contractually sinking another $1k on the Lamordia supplement this month, and like... I'm worri‚Ä¶ https://t.co/n3te2rLM3S",0,Twitter Web App,
JanetScoop,1148705415909105664,"Seattle, WA",2023-01-15 00:55:04,I personally don't begrudge or even much judge anyone doing this at this point. Because a lot of you still didn't p‚Ä¶ https://t.co/pcm8zHIwuk,0,Twitter Web App,
"Sean ""Scary Tech Warlock"" Gray",3676883297,"Seattle, WA",2023-01-14 22:50:21,"@KStarlight21 She's married with kids at 23, why is she acting like a pick me? If she's happy as a homemaker, great‚Ä¶ https://t.co/1QTPmmxQcy",0,Twitter Web App,
Paul Rivera,3236435570,"Seattle, WA",2023-01-14 22:45:53,Dozens gathered in Lynnwood today to protest and opioid treatment center that‚Äôs set to open later this month.‚Ä¶ https://t.co/5bm3GX8PAe,5,Twitter for iPhone,
Elliot Stoller,3321661447,"Seattle, WA",2023-01-14 20:10:57,Thousands Rally to Protest Destruction of German Village for Coal Mine Expansion https://t.co/Yejed3CyxR via @truthout,1,Twitter Web App,
Seattle Reddit,754067010691014658,"Seattle, WA",2023-01-14 19:57:06,Lynnwood community to protest location of new drug treatment facility https://t.co/sAKKfKVjpr #seattle https://t.co/NRlah3lb7n,0,dlvr.it,
seattle newswire,1517978818132135936,"Seattle, Washington",2023-01-14 19:55:00,Lynnwood community to protest location of new drug treatment facility  - KOMO News https://t.co/pzM48QOxMy,0,seattlebrief,
Daniel Stern Gang,1226270792691830784,"Seattle, WA",2023-01-14 19:39:38,@YoniMichanie It's only threatening to the supporters of Apartheid. Plenty of Jewish students in that protest. Kind‚Ä¶ https://t.co/Kms82mvW1y,0,Twitter for Android,
seattle newswire,1517978818132135936,"Seattle, Washington",2023-01-14 19:00:01,Lynnwood community to protest location of new drug treatment facility  - KOMO News https://t.co/oneNbJjAfp,0,seattlebrief,
KOMO News,16086928,"Seattle, WA",2023-01-14 18:37:24,Lynnwood residents are planning to protest Saturday a proposed drug treatment facility set to open next door to Ald‚Ä¶ https://t.co/eJr8jhNsP5,5,TweetDeck,
B Phinney,757706475326189569,Seattle,2023-01-14 18:23:37,"@mattleichenger ""The worst thing is if we give up on protesting and striking‚Ä¶Hopefully the labor movement is more c‚Ä¶ https://t.co/KJeeNEfP52",0,Twitter for iPhone,
Lilith,9063952,Seattle,2023-01-14 17:25:15,Thousands Rally in the Rain to Protest Destruction of German Village for Coal Mine https://t.co/LFrILmEDAv,1,Twitter Web App,
Loyd Hogan,1508540417821720581,the Disneyland on the Duwamish,2023-01-14 17:18:33,In spd case 2015-190763 every time they orchestrated a protest they would ask for donations on the internet but you‚Ä¶ https://t.co/hNVr7hc08g,0,Twitter for Android,
Shelliebean,1184910356096811008,"Seattle, WA",2023-01-14 17:17:10,"@prattaaron @RepMTG An election that wasn't stolen and a protest that ended in destruction, in a place Babbit had n‚Ä¶ https://t.co/pqmYzOnepd",0,Twitter Web App,
stevemur,14299276,Seattle,2023-01-14 17:14:57,"@hallam @Stizmaster @sgurman @JessBravin We know, from the decision, that 6 justices were persuaded in the end. See‚Ä¶ https://t.co/kQq790s9go",0,Twitter for iPhone,
muyiwa,462728269,"Seattle, WA",2023-01-14 17:08:28,@AnfieldWatch Lol apologizing for been too stubborn or what ?we knew all of ds was going to happen from the first d‚Ä¶ https://t.co/lK7B8TWwVK,1,Twitter for iPhone,
Mom üíúü¶ïüê¨üåªüè≥Ô∏è‚Äçüåà,357904813,"Seattle, Washington",2023-01-14 16:43:08,There's a protest planned in Seattle! https://t.co/M9KmJWg6YH,1,Twitter for Android,
AM 770 KTTH üéô,63241029,"Seattle, WA",2023-01-14 16:23:00,"A new opioid facility is planning to open its doors in late January, just STEPS away from a Boys and Girls Club.‚Ä¶ https://t.co/yBLmQfzXku",0,TweetDeck,
S.P.A.,1076892343918198790,"Seattle, WA",2023-01-14 14:07:53,"However, in the 1940s, he was arrested for sitting in the back of a segregated bus in protest, and in 2008 he appla‚Ä¶ https://t.co/pfhPq50UqD",0,Jetpack.com,
Tikun Olam,51685865,Seattle,2023-01-14 08:34:28,"For all who are alarmed by the new Israeli fascist govt, this TL, my blog, &amp; my recent Jacobin article offer the mo‚Ä¶ https://t.co/d9MeMQ8iUF",1,Twitter Web App,
Tikun Olam,51685865,Seattle,2023-01-14 08:08:16,It is an absolute outrage with Judeo-fascist Ben Gvir threatening to arrest Israelis who wave Palestinian flags at‚Ä¶ https://t.co/plcpE4yOzM,2,Twitter for Android,
DivestSPD,1275567382195343360,"Seattle, Washington",2023-01-14 06:18:00,"By SPD policy, even a silly and non-threatening protest like this would force a precinct to go on lockdown. https://t.co/wcDoMiLT6V",0,Twitter Web App,
Chase Cross ‚òÇÔ∏èüá∫üá¶üêÄ,41272483,"Seattle, WA",2023-01-14 06:15:16,@DivestSPD Hell. Yes. You could not keep me AWAY from that protest.,0,Twitter for Android,
DivestSPD,1275567382195343360,"Seattle, Washington",2023-01-14 06:06:36,"A protest group called ""Fops against Cops"" where everybody dresses up like dandies outside their local precinct.

just spitballing",7,Twitter Web App,
brandon fisher,1485689311550791680,"Seattle, WA",2023-01-14 03:35:34,@RasmalAiArt Exquisitely observing a form of non violent protest known as... wait for it...      flower power!!,0,Twitter for Android,
stevemur,14299276,Seattle,2023-01-14 02:16:33,@aprihar @JMSilvermanEsq @burtgurney @sgurman @JessBravin Who is on record communicating with that same reporter at‚Ä¶ https://t.co/f5W97zYZBt,0,Twitter for iPhone,
Born 2 Shine‚ÜîÔ∏èStop Playin,381179407,"ùïäùïñùïíùï•ùï•ùïùùïñ, ùïéùî∏",2023-01-14 01:05:54,@Remy_Acosta318 Dead ass they need to start the protest get it going again,1,Twitter for iPhone,
AJ,2729944550,"Seattle, WA",2023-01-14 00:35:56,Also tons of people cancelled their yearly subscriptions to D&amp;D‚Äôs online services in protest and hasbro is backpeda‚Ä¶ https://t.co/ElRXyCubNq,0,Twitter for iPhone,
MyNorthwest üå≤,21224486,Seattle,2023-01-14 00:10:11,"‚ÄúOur major concern is how this is so close to the children‚Äôs club, two minutes away from Little League club and fou‚Ä¶ https://t.co/lHNKGVWpfR",2,TweetDeck,
Jason Rantz on KTTH Radio,16193763,Seattle WA,2023-01-13 23:57:09,Protest against Lynnwood opioid clinic set for Saturday https://t.co/ocPTfIhblp,14,Twitter for iPhone,
Fidelis Alu üá≥üá¨,2169147225,"Seattle, WA",2023-01-13 22:53:23,Man was out here begging for protest funds ü§£ https://t.co/AHp9pOO9uw https://t.co/gHOyHH50Pf,0,Twitter for iPhone,
stevemur,14299276,Seattle,2023-01-13 22:53:04,"@JMSilvermanEsq @aprihar @burtgurney @sgurman @JessBravin ""We intend to use our legal training to fight injustice w‚Ä¶ https://t.co/FTPs0fw1DP",0,Twitter Web App,
stevemur,14299276,Seattle,2023-01-13 22:50:15,"@JMSilvermanEsq @aprihar @burtgurney @sgurman @JessBravin On the other hand, we have a clerk who is on record writi‚Ä¶ https://t.co/A0NVxVG7aI",0,Twitter Web App,
Robert,1599253473438371840,"Seattle, WA",2023-01-13 22:41:37,"@latimes You get what you deserve LA..

https://t.co/J29YZWNoSL",0,Twitter for iPhone,
JessthulhuüêÄüêÅ,85500456,international,2023-01-13 21:52:15,When you hear shouting at @UW it's likely a protest and all I can say is YES https://t.co/huW1cpy7fs,0,Twitter for Android,
John Nedüíôüåäüá∫üá¶üëç,58337417,"Seattle, WA",2023-01-13 21:10:01,South Dakota Gov.¬†Kristi Noem‚Äôs¬†request to hold a firework display at¬†Mount Rushmore¬†to celebrate Independence Day‚Ä¶ https://t.co/X4zbijg1LT,9,Twitter for Android,
Isaac‚ö°Ô∏èüáπüáπ,1481846059773145089,Under the sea ,2023-01-13 20:29:35,@mumba1singer Yea it‚Äôs an equality flag. It‚Äôs seems to be harming you not the kids. I‚Äôm sure they learn to treat pe‚Ä¶ https://t.co/pOasUMQkgY,0,Twitter for iPhone,
Stephen Dolan,69088359,"Seattle, WA",2023-01-13 19:56:26,@ExtremeThunderF @The_Uncontested @Logmey92 @DownToDunk @ThunderChats @BrandonRahbar @Three_Cone Formal protest ove‚Ä¶ https://t.co/LKO3Z5zCEt,0,Twitter Web App,
Marty Anzik,1425975739824758788,"Seattle, WA",2023-01-13 19:30:55,@SECGov Well a bunch of whistle blowers will be outside all of your offices on the anniversary of GameStop in a pea‚Ä¶ https://t.co/qZik26t6Iu,0,Twitter for iPhone,
deadleigh üè¥‚Äç‚ò†Ô∏è,2450896896,"Seattle, WA",2023-01-13 19:03:20,"You got progress, you got congress
We protest in hopes they confess
Just proceed on your conquest",0,Twitter for iPhone,
SeattleTamüåª,281672994,Seattle,2023-01-13 15:44:39,@Archimusik @MichaelRStrain @ProSyn Do you also default on your loans to protest the bank?,0,Twitter for iPhone,
JN üêò,132559814,Seattle,2023-01-13 15:16:30,"@tyler @SECGov @Gemini Start a protest, everyone will join you!!!",0,Twitter Web App,
Horrifying Houseguest,212733811,"Seattle, Washington",2023-01-13 13:26:52,@lanas444 @helenkelly121 Methinks thou doth protest too much. You are quite butthurt.,0,Twitter Web App,
S,156873413,Seattle,2023-01-13 09:06:58,@Markaskwala Where was your outrage during the farmer‚Äôs protest!? When the govt tried to bring in reform to help th‚Ä¶ https://t.co/HjfY6ybTwc,0,Twitter for iPhone,
Mistress Matisse,14990112,Seattle,2023-01-13 08:41:22,"@hugewang075 @briantinomian Fuck off, flat-earther. Go protest a vaccination somewhere. Go take somebody‚Äôs reproduc‚Ä¶ https://t.co/Jk0zz7YLGN",0,Twitter for iPhone,
Ann,295970796,By the Sea ,2023-01-13 05:11:26,"@NowTheEndBegins its what satanists do. They have to tell you what they will do and if you don't protest, they go ahead.",0,Twitter Web App,
Edward Murrow's typewriter ribbon,1082334475399229440,,2023-01-13 03:45:27,Brazil: Pro-Bolsonaro protest fizzles amid boosted security https://t.co/lDs5pxaJqr,0,Twitter Web App,
weaponized murphy's law,9670692,Seattle,2023-01-13 02:58:08,"it is extremely in character for my mom to detail an encounter at a protest with the Proud Boys, but forget what th‚Ä¶ https://t.co/n2CtLSnJzU",0,Twitter Web App,
Nick Sotoudeh,38506813,"Seattle, Washington",2023-01-13 01:56:21,Governments around the world should recall their ambassadors from the Islamic Republic in protest against the Irani‚Ä¶ https://t.co/SLXMuMdU6g,11,Twitter Web App,
Gayish Podcast üè≥Ô∏è‚Äçüåà,845800334131834881,"Seattle, WA",2023-01-13 01:54:39,"i‚Äôm sure republicans are now actively working on legislation to ban children from being around priests, right? prot‚Ä¶ https://t.co/xoG0JYSLkt",3,Twitter for iPhone,
Kathi8Mc,1020021340353380352,Bellevue Washington,2023-01-13 01:47:31,"Turkey summons Swedish envoy over 'heinous' protest action
https://t.co/Wx94ZVetNW https://t.co/VoQ3dDXSjx",0,Twitter Web App,
Just Foreign Policy,48744256,"Capitol Hill, Washington",2023-01-13 01:18:36,@WinWithoutWar @mikedarner @JoaquinCastrotx True solidarity means defending democracy even when it's not popular &amp;‚Ä¶ https://t.co/OdchbILesV,0,Twitter Web App,
Nightingale 2.0,2623062862,"Seattle, WA",2023-01-12 20:24:05,"@libsoftiktok Antifa routinely shows up to intimidate, harass and physically attack women (some are survivors of se‚Ä¶ https://t.co/vZdY0ngVpR",0,Twitter for iPhone,
Nightingale 2.0,2623062862,"Seattle, WA",2023-01-12 19:47:26,Transgenderism is so progressive that it has gone hand in hand with the eradication of safeguarding that runs contr‚Ä¶ https://t.co/gQIslWyOWq,4,Twitter for iPhone,
Pink Top Hat Books üîûüá∫üá∏,1047714597845651456,"Seattle, WA",2023-01-12 19:30:32,"PTH Books joins in the protest over the #OGL 1.1 with our fellow game creators.

Roll to Seduce is currently being‚Ä¶ https://t.co/rJtLZuuKg4",0,Twitter Web App,
The Spook üá∫üá∏,1422138818,Seattle,2023-01-12 17:57:10,"@Intellect_Convo @BlackMale1st You can love Trump, be conservative, be angry that the election got stolen, and stil‚Ä¶ https://t.co/2SuJ0rApvx",0,Twitter for Android,
Tycho Brahe,14303746,"Seattle, WA",2023-01-12 17:09:45,@protest__poster @thekiko Correct.,0,Twitter for Android,
seattle newswire,1517978818132135936,"Seattle, Washington",2023-01-12 17:05:00,"Slog AM: UW Students Protest Privatized Housing Plan, Howard Schultz Is a Whiny Baby, and Biden Leaves Classified D‚Ä¶ https://t.co/oaG66BxCTx",0,seattlebrief,
The Stranger üóû,18691048,"Seattle, WA",2023-01-12 16:47:25,"‚Ä¢ The rain hath returned 

‚Ä¢ The Northwest African American Museum shall return on MLK Day 

‚Ä¢ Stop pricing out UW‚Ä¶ https://t.co/QskasCbNk7",1,Twitter Web App,
poolD321,1348814798973136897,"Seattle, WA",2023-01-12 16:45:08,"@MMcrzyldy @TrumpFL @hakeemjeffries Kamala Harris said that riots are not gonna stop and they should not, shortly b‚Ä¶ https://t.co/ewAWDsnY06",0,Twitter for iPhone,
man with giant cock,3192673533,"Seattle, WA, ",2023-01-12 16:40:49,"USA TODAY: Policeman burned to death amid protest, unrest in Peru, death toll rises to 47.
https://t.co/KD8npdRqpL

via @GoogleNews",0,Twitter for Android,
‰πùÈæçÈõ≤Âêû üá∫üá∏üáπüáºüá∫üá¶,967737574176337920,"Bellevue, WA",2023-01-12 15:15:33,@zhang_heqing If Chinese are allowed to protest‚Ä¶‚Ä¶,0,Twitter for iPhone,
KNKX Public Radio,19421806,"Seattle, WA",2023-01-12 14:39:06,"Songs of protest, hope and freedom for MLK Day on KNKX https://t.co/N8jHtNLTTS",0,IFTTT,
Idlechatter üåä,175276905,"Seattle, WA",2023-01-12 14:23:52,‚ÄòIt‚Äôs a nightmare‚Äô: Twitter‚Äôs New York City janitors protest over sudden layoffs by a narcissistic new owner. https://t.co/TeJp6iS0wF,0,Twitter for iPhone,
marvin,3142298273,,2023-01-12 08:55:13,"@Demontime666_ @AfricanArchives Fred Rogers was an ordained Presbyterian minister, there is a larger picture. On th‚Ä¶ https://t.co/rzYgHtEth5",0,Twitter for Android,
Shawn Hereth,1590608720027082753,"Seattle, WA",2023-01-12 07:19:06,@doom37455413 @pawley_robert @Monstercoyliar @JordanDoll7 @Scary7Dr @JimeeLiberty @AndrewLazarus4 @mcfunny‚Ä¶ https://t.co/jopX8HVoJj,0,Twitter for Android,
Seattle Reddit,754067010691014658,"Seattle, WA",2023-01-12 06:42:03,UW students protest against plan to privatize off-campus housing https://t.co/bKlqecWWTr #seattle https://t.co/b0zT1LcusJ,0,dlvr.it,
seattle newswire,1517978818132135936,"Seattle, Washington",2023-01-12 05:20:00,UW students protest against plan to privatize off-campus housing  - King 5 https://t.co/csmsOxPX4j,0,seattlebrief,
KING 5 News,19430999,"Seattle, Washington, USA",2023-01-12 04:46:02,UW's plan would allow a developer to renovate and rebuild four off-campus housing complexes that cater mostly to gr‚Ä¶ https://t.co/Ed06bhhanU,0,SocialNewsDesk,
Stephen Dolan,69088359,"Seattle, WA",2023-01-12 03:41:47,They‚Äôve stopped putting the ad at the timeline tippy top and I choose to believe it was because of those of us who‚Ä¶ https://t.co/pk9TD06qDM,0,Twitter for iPhone,
Protest Tunes,1470598421291487234,"Seattle, WA",2023-01-12 02:52:56,"Our #MLKDay show tonight features Mike Millius, @crowmedicine, @JamesTaylor_com, @charmaxromeo, Brother Will Hairst‚Ä¶ https://t.co/tSb1mMK6Bj",0,Twitter Web App,
91.3 KBCS,28876067,Bellevue/Seattle,2023-01-12 02:19:35,Protest Tunes airs tonight at 9 on 91.3 KBCS FM/ https://t.co/d2t3KOo15X.  Tonight is our #MLKDay2023 show:  Protes‚Ä¶ https://t.co/UY3tMs1r0b,0,Instagram,
Nick Sotoudeh,38506813,"Seattle, Washington",2023-01-12 01:27:45,The Supreme Court of the Islamic Republic of Iran has stayed the execution of a convicted 19-year-old protester‚Ä¶ https://t.co/1HAO51XUbo,4,Twitter Web App,
RAURMAN productions,1582794614800801792,"Seattle, WA",2023-01-12 01:26:10,@WallStreetSilv How many times are the people going to protest before they realize it's completely useless?,0,Twitter for Android,
Mary Dietz,1518482899229560832,Seattle. WA,2023-01-12 01:02:58,"@LeciaMichelle11 exactly. People can't take a knee in quiet protest, or march in non-violent protest. They will dis‚Ä¶ https://t.co/moaRAkLdfi",0,Twitter Web App,
Mimi Gan,493577740,Seattle,2023-01-12 00:28:28,@Santos4Congress @CNN Your entire staff should resign in protest.,0,Twitter for iPhone,
Ask Yourself,2546596742,"Seattle, WA",2023-01-12 00:16:27,"@BurntOutUtopian Like, Biden has been legitimately bad on immigration. I try to raise awareness of the issue. But i‚Ä¶ https://t.co/t8pgp2FFy5",0,Twitter for Android,
Protest Tunes,1470598421291487234,"Seattle, WA",2023-01-11 22:55:22,Protest Tunes airs tonight at 9 on @KBCS 91.3 FM/ https://t.co/ZaJde5lClQ.  Tonight is our #MLKDay2023 Day show:  P‚Ä¶ https://t.co/LoKnBSM0WA,1,Twitter for Android,
The Roosevelt Blog,154013807,"Roosevelt, Seattle, WA",2023-01-11 21:48:32,But I was told he made it under protest... https://t.co/I7zTJKno5Q,2,Twitter for Android,
megan,154147895,"Seattle, WA",2023-01-11 21:30:56,@fenderguy64 @RayaRizona78 @AirGordo78 @RepJeffries The movement wasn‚Äôt about philanthropy. The movement was a prot‚Ä¶ https://t.co/aNuDET9vzz,0,Twitter for iPhone,
Czechmate üá∫üá∏üá∫üá¶üá®üáøüá∏üá™,21709908,,2023-01-11 20:41:00,"3/.. life choices w/o being bothered very much.  Accept you have no voice, no vote, accept corruption of the rulers‚Ä¶ https://t.co/paFF28p6uc",0,Twitter for iPhone,
Rhonda D,880206294275080192,"Seattle, WA",2023-01-11 20:34:02,Rally this Wednesday at 4:30pm at Red Square to protest the privatization of UW graduate student and family housing! https://t.co/y8QMvxw0B4,0,Twitter for iPad,
JanuaryAndOn,1263660308,"Seattle, WA",2023-01-11 17:46:55,"@Naaackers Underoath, Atreyu, devil wears prada , protest the hero",0,Twitter Web App,
–†–æ—Å—ñ—è —ñ–¥–∏ –Ω–∞—Ö—É–π üí∏üá∫üá∏üåêüèó ‚öõÔ∏è,17570098,"Seattle, WA",2023-01-11 17:39:20,"@swooper74 @JJ_McCullough No. Going back to at least the Durham Report, hating America by Canadians has always been‚Ä¶ https://t.co/hA41LffJFA",0,Twitter for iPad,
Neumos,18789021,"Capitol Hill, Seattle WA",2023-01-11 16:23:05,"Catch @loskerrys at Neumos on Jan. 12, benefitting SPU's LGBTQ+ protest! Good music ‚úÖ  Great cause ‚úÖ  Win-Win üèÜ Tic‚Ä¶ https://t.co/fvSQTCf4Q7",3,Sprout Social,
Special Collections,829482804954042368,"Seattle, WA",2023-01-11 16:02:14,This 1971 photo features teacher's union members making picket signs for the Seattle teachers protest of proposed c‚Ä¶ https://t.co/2H7tKFr6V9,1,Hootsuite Inc.,
Tikun Olam,51685865,Seattle,2023-01-11 08:35:07,"FOr a new blog post, looking for protest banners/placards at recent Israeli protest rally which compared the govt &amp;‚Ä¶ https://t.co/c94ZoYUr4G",8,Twitter Web App,
Liam ‚ÄúDr Baffled‚Äù Bioreactor He/Haw/Honky,343541222,"Seattle, Wa",2023-01-11 06:35:26,@loydhogan2 I heard that Scott Murrow makes around 100 grand a year living in a tiny home encampment and forcing th‚Ä¶ https://t.co/BiKd5DYr7Q,0,Twitter for iPhone,
WD64,1552154102527770624,"Seattle, WA",2023-01-11 06:14:09,@isaac_schorr @benshapiro ‚ÄúThe bitch doth protest too much‚Äù.,0,Twitter for iPhone,
Adam Wesley,1556361823,"Seattle, WA",2023-01-11 04:32:29,"admin can blur out the #GlazersOut signs all they want, but the idea that United fans only protest the bastards whi‚Ä¶ https://t.co/feCrXUxxjv",1,Twitter for Android,
Nick Sotoudeh,38506813,"Seattle, Washington",2023-01-11 00:54:46,Imprisoned Iranian lawyer #MostafaNili says he will not attend his Islamic Revolutionary Court hearing to protest a‚Ä¶ https://t.co/mEaq1lUF8g,11,Twitter Web App,
Zach Malm,18817729,"Seattle, WA",2023-01-11 00:29:13,"Come for the ""four of the six protest permits issued [for January 6th] were to independent charismatic Christian gr‚Ä¶ https://t.co/0WlAlcBUA3",0,Twitter Web App,
Panda üêº,1390710666147762178,"Seattle, WA",2023-01-10 19:18:12,@SrPetersETH @AbsentFromThebs I heard it from social media/twitter about the protest ü™ß @GodHatesNFTees‚Ä¶ https://t.co/XK22CWOpCk,0,Twitter for iPhone,
Kihm Skillicorn,795371026611773440,"Bellevue, WA",2023-01-10 19:16:16,Thousands protest French government in Paris https://t.co/J87StRu468,0,Twitter Web App,
Snatch the Pebble,1586760815868190720,"Seattle, WA",2023-01-10 17:46:57,"@Edwin07011 As a formal protest, all televisions should be dropped off at the local recycling center by January 15th.",0,Twitter for iPhone,
Seattle Reddit,754067010691014658,"Seattle, WA",2023-01-10 15:15:10,'This location is crazy:' Parents protest planned opioid treatment center near Lynnwood youth club‚Ä¶ https://t.co/fSpc5pc8jQ,0,dlvr.it,
RobRoy Chalmers,21833144,Seattle,2023-01-10 13:39:27,"GM! 

Fun Fact.

The Disasters of War is 82 etchings made between 1810-1820 by Francisco Goya. They are a visual pr‚Ä¶ https://t.co/6moijrbYVU",2,Twitter for iPhone,
Brenton‚ö°Ô∏èüì¢,74088354,"Seattle, WA",2023-01-10 06:28:22,And we‚Äôre supposed to believe that the people of China are too brainwashed or repressed or docile to protest. It is‚Ä¶ https://t.co/5VEFtYbx9Q,0,Twitter for iPad,
Kimber Maddox üçÄ‚è≥üéóüïä,1275148092157751296,"Seattle, WA",2023-01-10 05:23:32,There‚Äôs gotta be a tipping point on the price of eggs. Like how much are people willing to spend on their eggs befo‚Ä¶ https://t.co/rr0NMfabGk,0,Twitter for iPad,
Marla,1394216248817295361,"Seattle, WA",2023-01-10 04:56:33,"@LeviReichardt @Know_More_News I would say that was a pretty polite, gentle quit (based on this clip). When she sai‚Ä¶ https://t.co/UjoFtLCqq8",1,Twitter Web App,
Tony T.,1297020050,"Seattle, WA",2023-01-10 02:34:41,"@williamlegate Sounds like some propaganda to make an amaerican company look bad, which makes China look good. Some‚Ä¶ https://t.co/Yu2XmS4qFp",0,Twitter for iPhone,
You Can't Erase Us,711221733164916736,"North of Seattle, WA",2023-01-10 02:01:28,@xiuhtezcatl iirc u spoke at the NODAPL protest outside the army corps in Seattle years ago. That was when i first‚Ä¶ https://t.co/SGOjIl1yNl,0,Twitter for Android,
Jeff Hutchins,19203288,Seattle,2023-01-09 23:33:14,"@HiTonedBumpkeen @mattyglesias @lhfang Most SF liberals didn't protest either thing, right?",0,Twitter Web App,
